id,visit_date,club_away,result,season,kickoff,gate,ticket_price,league_visited,countfor92,ground,address,club_id,match_nr,the92_nr,created_at,updated_at,latitude,longitude,gmaps,programme,ticket,rating_total,rating_match,rating_ground,rating_atmosphere,rating_trip,photo1,photo2,photo3,photo4,dropbox_ticket,dropbox_programme
10,2003-10-04 00:00:00,7,3-0,2003-2004,15:00,36137,29.0,5,t,White Hart Lane,"Paxton Road. Londen. United Kingdom",18,2,2,,2012-10-21 11:00:33.85117,51.6040485,-0.0660959,t,,,14,3,4,4,3,,,,,,
19,2003-12-26 00:00:00,32,1-2,2003-2004,12:00,5912,16.0,7,t,Griffin Park,"Braemar Road. Brentford. Hounslow. United Kingdom",51,3,3,,2012-10-21 11:00:48.565216,51.4874292,-0.3023629,t,,,12,2,4,3,3,,,,,,
21,2004-02-21 00:00:00,40,1-1,2003-2004,12:30,67744,28.0,5,t,Old Trafford,"Sir Matt Busby Way. Stretford. Manchester. United Kingdom",11,5,5,,2012-10-21 11:01:14.147819,53.4629965,-2.2890129,t,,,10,2,3,2,3,,,,,,
22,2004-03-20 00:00:00,97,0-2,2003-2004,15:00,3637,14.0,8,t,Brisbane Road,"Brisbane Road. Leyton. united kingdom",60,6,6,,2012-10-21 11:02:34.037695,51.5601899,-0.0127137,t,,,9,2,3,2,2,,,,,,
23,2004-04-17 00:00:00,28,1-1,2003-2004,15:00,25206,25.0,5,f,The Valley,"Floyd Road. SE7. London. United Kingdom",25,7,0,,2012-10-21 11:02:47.338962,51.4866707,0.0332435,t,,,11,2,4,2,3,,,,,,
24,2004-09-25 00:00:00,48,1-0,2004-2005,15:00,19237,28.0,5,t,Craven Cottage,"Putney Bridge. London. United Kingdom",8,8,7,,2012-10-21 11:02:59.28062,51.4676535,-0.2121448,t,,,13,2,5,3,3,,,,,,
26,2004-09-10 00:00:00,83,5-0,2004-2005,15:00,1894,12.0,8,t,Underhill,"Westcombe Drive. Barnet. United Kingdom",76,9,8,,2012-10-21 11:03:12.001525,51.6470123,-0.191701,t,,,13,4,3,3,3,,,,,,
27,2004-10-17 00:00:00,12,1-1,2004-2005,16:05,26553,25.0,5,f,The Valley,"Floyd Road. SE7. London. United Kingdom",25,10,0,,2012-10-21 11:03:56.870351,51.4866707,0.0332435,t,,,11,3,4,3,1,,,,,,
28,2004-12-18 00:00:00,99,3-1,2004-2005,15:00,2428,13.0,8,f,York Street,"York Street. Boston. United Kingdom",98,11,0,,2012-10-21 11:04:11.769675,52.9763429,-0.0171755,t,,,11,3,3,2,3,,,,,,
29,2005-01-29 00:00:00,72,0-1,2004-2005,15:00,3884,12.0,8,t,Gay Meadow,"Railway Lane. Shrewsbury. United Kingdom",93,12,9,,2012-10-21 11:04:27.925935,52.7064814,-2.7478365,t,,,11,1,4,2,4,,,,,,
30,2005-02-19 00:00:00,99,1-1,2004-2005,15:00,4326,14.0,8,t,Adams Park,"Hillbottom Road. High Wycombe. United Kingdom",72,13,10,,2012-10-21 11:05:11.76536,51.6312301,-0.7947092,t,,,10,2,2,3,3,,,,,,
31,2005-03-25 00:00:00,22,1-3,2004-2005,15:00,7548,21.0,7,f,Kenilworth Road,"Kenilworth Road. Luton. United Kingdom",100,14,0,,2012-10-21 11:05:26.957415,51.8842293,-0.4294701,t,,,11,3,4,3,1,,,,,,
33,2005-04-16 00:00:00,5,1-2,2004-2005,15:00,26708,25.0,5,f,The Valley,"Floyd Road. SE7. London. United Kingdom",25,16,0,,2012-10-21 11:06:46.22622,51.4866707,0.0332435,t,,,8,1,4,2,1,,,,,,
40,2005-10-07 00:00:00,76,0-0,2005-2006,19:45,2965,14.0,8,t,Plainmoor,"Marnham Road. Torquay. United Kingdom",96,23,16,,2012-10-21 17:24:10.501757,50.4767723,-3.5245341,t,,,9,1,3,2,3,,,,,,
35,2005-05-07 00:00:00,96,2-1,2004-2005,15:00,4834,13.0,7,t,Layer Road,"Harp Meadow Lane. Colchester. United Kingdom",55,18,13,,2012-10-21 11:07:18.018905,51.8752,0.8833768,t,,,13,3,4,3,3,,,,,,
36,2005-08-13 00:00:00,76,1-3,2005-2006,15:00,6650,16.0,8,t,Brunton Park,"Thirlwell Gardens. Carlisle. United Kingdom",53,19,14,,2012-10-21 11:07:36.676496,54.8948012,-2.9116891,t,,,15,4,4,4,3,,,,,,
34,2005-04-30 00:00:00,36,6-2,2004-2005,15:00,22728,22.0,6,t,Highfield Road,"Highfield Road. Coventry. United Kingdom",34,17,12,,2012-10-21 11:08:25.653162,52.413368,-1.4903351,t,,,17,5,4,5,3,,,,,,
37,2005-08-20 00:00:00,20,1-0,2005-2006,15:00,23453,25.0,5,f,The Valley,"Floyd Road. SE7. London. United Kingdom",25,20,0,,2012-10-21 17:24:41.880715,51.4866707,0.0332435,t,,,11,2,4,2,3,,,,,,
38,2005-09-03 00:00:00,57,2-2,2005-2006,12:00,1372,10.0,8,t,Victoria Road,"Victoria Road. Dagenham. United Kingdom",83,21,15,,2012-10-21 17:24:56.180143,51.5474044,0.1620775,t,,,9,3,2,2,2,,,,,,
39,2005-09-17 00:00:00,6,0-2,2005-2006,15:00,27111,351.0,5,f,The Valley,"Floyd Road. SE7. London. United Kingdom",25,22,0,,2012-10-21 17:25:14.689564,51.4866707,0.0332435,t,,,11,1,4,3,3,,,,,,
43,2005-11-05 00:00:00,79,0-0,2005-2006,15:00,3856,13.0,12,t,London Road,"London Road. Peterborough. United Kingdom",45,26,18,,2012-10-21 17:26:40.133554,52.5445884,-0.2527108,t,,,10,1,4,2,3,,,,,,
44,2005-12-17 00:00:00,36,0-0,2005-2006,15:00,12500,15.0,6,t,Ninian Park,"Sloper Road. Cardiff. United Kingdom",33,27,19,,2012-10-21 17:26:58.24998,51.471388,-3.1980947,t,,,12,1,5,3,3,,,,,,
45,2005-12-18 00:00:00,102,3-1,2005-2006,15:00,415,9.0,13,f,Park View Road,"Park View Road. Welling. United Kingdom",101,28,0,,2012-10-21 17:27:30.969495,51.4610058,0.1174196,t,,,11,3,3,2,3,,,,,,
46,2005-12-26 00:00:00,2,0-1,2005-2006,12:45,27111,20.0,5,f,The Valley,"Floyd Road. SE7. London. United Kingdom",25,29,0,,2012-10-21 17:27:43.230974,51.4866707,0.0332435,t,,,11,1,4,3,3,,,,,,
47,2006-01-14 00:00:00,42,7-0,2005-2006,15:00,38186,30.0,5,t,Highbury,"Avenell Road. London. United Kingdom",2,30,20,,2012-10-21 17:28:01.957724,51.5578429,-0.1018076,t,,,14,3,5,3,3,,,,,,
48,2006-01-22 00:00:00,25,1-1,2005-2006,12:45,41355,45.0,5,t,Stamford Bridge,"Britannia Road. London. United Kingdom",6,31,21,,2012-10-21 17:28:18.507219,51.4788741,-0.1912213,t,,,13,3,3,4,3,,,,,,
50,2006-02-14 00:00:00,14,2-1,2005-2006,20:00,17550,32.0,6,t,Selhurst Park,"Whitehorse Lane. Croydon. United Kingdom",35,33,23,,2012-10-21 17:28:34.320619,51.4003895,-0.0851706,t,,,12,3,4,2,3,,,,,,
51,2006-02-18 00:00:00,67,1-2,2005-2006,15:00,33439,17.0,6,t,Hillsborough,"Leppings Lane. Sheffield. United Kingdom",68,34,24,,2012-10-21 17:29:06.43139,53.41313,-1.5029213,t,,,18,4,5,5,4,,,,,,
53,2006-03-11 00:00:00,76,3-0,2005-2006,15:00,5147,15.0,7,t,Blundell Park,"Imperial Avenue. Cleethorpes. United Kingdom",104,36,26,,2012-10-21 17:29:28.837276,53.569443,-0.0478064,t,,,11,3,3,2,3,,,,,,
54,2006-03-18 00:00:00,25,3-0,2005-2006,15:00,38223,35.0,5,f,Highbury,"Avenell Road. Highbury. London. United Kingdom",2,37,0,,2012-10-21 17:29:46.110651,51.5578429,-0.1018076,t,,,13,2,5,3,3,,,,,,
55,2006-04-08 00:00:00,7,0-0,2005-2006,15:00,26954,20.0,5,f,The Valley,"Floyd Road. SE7. London. United Kingdom",25,38,0,,2012-10-21 17:30:00.919954,51.4866707,0.0332435,t,,,10,1,4,2,3,,,,,,
56,2006-04-15 00:00:00,22,0-3,2005-2006,15:00,7772,20.0,7,t,Boundary Park,"Boundary Park Road. Oldham. United Kingdom",63,39,27,,2012-10-21 17:31:05.388869,53.554091,-2.1306869,t,,,12,3,3,3,3,,,,,,
57,2006-04-16 00:00:00,28,3-1,2005-2006,12:00,40158,35.0,5,t,Villa Park,"Nelson Road. Birmingham. United Kingdom",3,40,28,,2012-10-21 17:31:19.012275,52.5104657,-1.888008,t,,,14,3,4,4,3,,,,,,
58,2006-04-29 00:00:00,4,0-2,2005-2006,17:15,26254,25.0,5,f,The Valley,"Floyd Road. SE7. London. United Kingdom",25,41,0,,2012-10-21 17:31:32.171022,51.4866707,0.0332435,t,,,11,1,4,3,3,,,,,,
59,2006-05-06 00:00:00,76,1-2,2005-2006,15:00,4174,15.0,8,f,Nene Park,"Diamond Way. Irthlingborough. United Kingdom",105,42,0,,2012-10-21 17:31:49.300708,52.3278044,-0.6011455,t,,,14,4,3,4,3,,,,,,
88,2007-08-13 00:00:00,115,6-3,2007-2008,19:45,370,10.0,10,f,Ewen Fields,"Miles Street. Hyde. United Kingdom",114,71,0,,2012-10-21 10:57:11.280039,53.4508601,-2.0664259,t,,,15,5,3,3,4,,,,,,
96,2007-10-06 00:00:00,96,2-1,2007-2008,15:00,1368,10.0,9,f,Stonebridge Rooad,"Stonebridge Road. Northfleet. United Kingdom",117,79,0,,2012-10-21 10:57:55.311158,51.448301,0.3227803,t,,,10,2,3,2,3,,,,,,
63,2006-08-23 00:00:00,11,0-3,2006-2007,19:45,25422,25.0,5,f,The Valley,"Floyd Road. SE7. London. United Kingdom",25,46,0,,2012-10-21 11:00:19.35308,51.4866707,0.0332435,t,,ticket.jpeg,11,1,4,3,3,,,,,,
65,2006-09-23 00:00:00,46,2-3,2006-2007,15:00,13051,17.0,6,t,Turf Moor,"Harry Potts Way. Burnley. United Kingdom",31,48,30,,2012-10-21 11:02:17.963189,53.7885072,-2.2314916,t,,,13,4,4,3,2,,,,,,
66,2006-09-24 00:00:00,85,2-3,2006-2007,12:00,4705,17.0,8,f,Racecourse Ground,"Lilac Way. Wrexham. United Kingdom",108,49,0,,2012-10-21 11:03:39.962199,53.0507096,-3.0062296,t,,,13,4,4,3,2,,,,,,
67,2006-10-14 00:00:00,82,2-1,2006-2007,15:00,11899,19.0,7,t,Ashton Gate,"Raynes Road. Bristol. United Kingdom",32,50,31,,2012-10-21 11:04:55.97674,51.439541,-2.6179351,t,,,13,3,4,3,3,,,,,,
69,2006-11-18 00:00:00,21,1-1,2006-2007,12:00,22256,30.0,6,t,St. Andrews,"Emmeline Street. Birmingham. United Kingdom",28,52,33,,2012-10-21 11:06:34.583631,52.4756455,-1.8700279,t,,,10,2,3,2,3,,,,,,
71,2006-11-19 00:00:00,13,3-1,2006-2007,11:30,27276,22.0,6,t,Portman Road,"Portman Road. Ipswich. United Kingdom",39,54,34,,2012-10-21 17:24:26.195283,52.0569709,1.1458849,t,,,14,3,4,4,3,,,,,,
60,2006-07-15 00:00:00,2,0-0,2006-2007,15:00,45931,151.0,15,f,Underhill,"Westcombe Drive. Barnet. United Kingdom",76,43,0,,2012-10-21 17:32:04.423877,51.6470123,-0.191701,t,,,7,1,3,1,2,,,,,,
100,2007-12-21 00:00:00,38,1-1,2007-2008,15:00,22040,17.0,6,f,The Valley,"Floyd Road. SE7. London. United Kingdom",25,83,0,,2012-10-21 17:33:24.486621,51.4866707,0.0332435,t,,ticket.jpeg,11,2,4,2,3,,,,,,
86,2007-04-21 00:00:00,67,1-1,2006-2007,15:00,27111,17.0,5,f,The Valley,"Floyd Road. SE7. London. United Kingdom",25,69,0,,2012-10-21 17:35:08.379597,51.4866707,0.0332435,t,,ticket.jpeg,13,3,4,3,3,,,,,,
78,2007-03-10 00:00:00,100,1-0,2006-2007,15:00,27138,15.0,6,t,Elland Road,"Elland Road. Leeds. United Kingdom",40,61,38,,2012-10-21 17:35:24.735143,53.7719623,-1.5794531,t,,,12,2,4,3,3,,,,,,
75,2006-12-23 00:00:00,44,1-0,2006-2007,15:00,8923,15.0,5,t,Belle Vue,"Belle Vue Way. Doncaster. United Kingdom",37,58,36,,2012-10-21 17:35:39.563234,53.5176997,-1.1039801,t,,,11,1,3,4,3,,,,,,
81,2007-03-17 00:00:00,50,1-2,2006-2007,17:15,18591,20.0,5,t,Ewood Park,"Velvet Street. Blackburn. United Kingdom",4,64,41,,2012-10-22 09:13:44.853703,53.7277647,-2.4901721,t,,,12,3,3,3,3,,,,,,
80,2007-03-17 00:00:00,96,1-0,2006-2007,15:00,4004,15.0,5,t,Crown Ground,"Livingstone Road. Accrington. United Kingdom",24,63,40,,2012-10-22 09:13:58.655805,53.7644874,-2.3696772,t,,,11,2,3,3,3,,,,,,
79,2007-03-11 00:00:00,19,1-0,2006-2007,12:00,28016,27.0,6,t,Molineux,"Waterloo Road. Wolverhampton. United Kingdom",21,62,39,,2012-10-22 09:14:19.806557,52.5910449,-2.1317589,t,,,13,2,4,4,3,,,,,,
99,2007-11-04 00:00:00,39,2-2,2007-2008,12:45,25461,25.0,6,t,Carrow Road,"Carrow Road. Norwich. United Kingdom",13,82,49,,2012-10-22 09:14:41.950373,52.6227255,1.3117356,t,,,13,3,3,4,3,,,,,,
94,2007-09-15 00:00:00,54,1-3,2007-2008,15:00,4548,16.0,8,f,Field Mill,"Bishop Street. Mansfield. United Kingdom",116,77,0,,2012-10-22 09:14:54.078738,53.1388266,-1.1998064,t,,,12,3,3,3,3,,,,,,
68,2006-10-15 00:00:00,36,3-1,2006-2007,13:15,13622,22.0,6,t,Home Park,"Mayflower Drive. Plymouth. United Kingdom",90,51,32,,2012-10-22 09:15:31.005234,50.3867225,-4.1537289,t,,,11,3,3,2,3,,,,,,
77,2007-03-10 00:00:00,77,2-0,2006-2007,12:00,14772,16.0,6,t,Galpharm Stadium,"Stadium Way. Huddersfield. United Kingdom",59,60,37,,2012-10-22 09:16:21.878495,53.6528916,-1.771399,t,,,13,3,4,3,3,,,,,,
91,2007-08-16 00:00:00,68,1-3,2007-2008,19:45,5302,16.0,18,t,Millmoor,"Millmoor Lane. Rotherham. United Kingdom",92,74,45,,2012-10-22 09:16:37.465861,53.4286205,-1.3694179,t,,,15,3,4,4,4,,,,,,
98,2007-11-03 00:00:00,100,3-1,2007-2008,15:00,5317,25.0,7,t,Whitdean,"Tongdean Lane. Hove. United Kingdom",30,81,48,,2012-10-22 09:16:52.726606,50.854044,-0.1621733,t,,,9,3,1,2,3,,,,,,
64,2006-09-16 00:00:00,46,0-1,2006-2007,12:45,26130,17.0,5,f,The Valley,"Floyd Road. SE7. London. United Kingdom",25,47,0,,2012-10-22 09:18:57.900688,51.4866707,0.0332435,t,,ticket.jpeg,11,1,4,3,3,,,,,,
82,2007-03-18 00:00:00,28,1-1,2006-2007,11:30,21434,24.0,5,f,The Hawthorns,"Halfords Lane. West Bromwich. United Kingdom",19,65,42,,2012-10-22 09:19:13.070254,52.5069507,-1.9656036,t,,,10,2,2,3,3,,,,,,
87,2007-08-11 00:00:00,66,1-1,2007-2008,15:00,23151,14.0,6,f,The Valley,"Floyd Road. SE7. London. United Kingdom",25,70,0,,2012-10-22 09:21:54.659065,51.4866707,0.0332435,t,,ticket.jpeg,11,2,4,2,3,,,,,,
89,2007-08-14 00:00:00,40,0-1,2007-2008,19:45,3422,10.0,18,f,Moss Rose,"Belgrave Road. Macclesfield. United Kingdom",86,72,43,,2012-10-22 09:22:06.705136,53.2437471,-2.1305007,t,,,14,3,4,3,4,,,,,,
90,2007-08-15 00:00:00,38,0-3,2007-2008,19:45,2862,15.0,18,t,Gresty Road,"Gresty Road. Crewe. United Kingdom",82,73,44,,2012-10-22 09:22:15.34465,53.0842987,-2.4358238,t,,,10,2,2,2,4,,,,,,
92,2007-08-16 00:00:00,70,0-2,2007-2008,15:00,6416,23.0,7,t,Priestfield,"Redfern Avenue. Gillingham. United Kingdom",84,75,46,,2012-10-22 09:22:24.584495,51.3845168,0.5618962,t,,,10,2,2,2,4,,,,,,
95,2007-09-22 00:00:00,41,2-0,2007-2008,15:00,21918,17.0,6,f,The Valley,"Floyd Road. SE7. London. United Kingdom",25,78,0,,2012-10-22 09:23:06.177533,51.4866707,0.0332435,t,,ticket.jpeg,12,3,4,2,3,,,,,,
76,2007-02-24 00:00:00,50,4-0,2006-2007,15:00,27111,17.0,5,f,The Valley,"Floyd Road. SE7. London. United Kingdom",25,59,0,,2012-10-22 09:23:18.066389,51.4866707,0.0332435,t,,ticket.jpeg,15,4,4,4,3,,,,,,
74,2006-12-22 00:00:00,85,0-1,2006-2007,19:45,4106,16.0,8,t,Meadow Lane,"Meadow Lane. Nottingham. United Kingdom",62,57,35,,2012-10-22 09:23:30.870616,52.944536,-1.1327537,t,,,8,1,3,1,3,,,,,,
61,2006-08-05 00:00:00,68,0-0,2006-2007,15:00,15650,21.0,6,t,Deepdale,"Hollins Road. Preston. United Kingdom",64,44,29,,2012-10-22 09:26:54.404154,53.7732839,-2.6885883,t,,,10,2,3,2,3,,,,,,
62,2006-08-06 00:00:00,107,2-1,2006-2007,15:00,16822,25.0,16,f,Tynecastle,"McLeod Street. Edinburgh. United Kingdom",106,45,0,,2012-10-22 09:24:29.248801,55.9395389,-3.2308777,t,,,17,3,5,5,4,,,,,,
72,2006-11-25 00:00:00,7,1-1,2006-2007,12:45,26435,17.0,5,f,The Valley,"Floyd Road. SE7. London. United Kingdom",25,55,0,,2012-10-22 09:27:16.560415,51.4866707,0.0332435,t,,ticket.jpeg,12,2,4,3,3,,,,,,
83,2007-03-31 00:00:00,20,1-0,2006-2007,15:00,26500,17.0,5,f,The Valley,"Floyd Road. SE7. London. United Kingdom",25,66,0,,2012-10-22 09:27:37.35246,51.4866707,0.0332435,t,,ticket.jpeg,11,2,4,2,3,,,,,,
73,2006-12-16 00:00:00,9,0-3,2006-2007,12:45,27111,17.0,5,f,The Valley,"Floyd Road. SE7. London. United Kingdom",25,56,0,,2012-10-22 09:30:12.163564,51.4866707,0.0332435,t,,ticket.jpeg,12,2,4,3,3,,,,,,
131,2009-08-20 00:00:00,133,5-0,2009-2010,19:45,27433,20.0,25,f,Goodison Park,"Bullens Road. Liverpool. United Kingdom",7,114,0,,2012-10-19 08:29:14.730142,53.4385743,-2.9653383,t,programme.jpeg,,13,2,5,2,4,,,,,,
130,2009-08-19 00:00:00,15,4-0,2009-2010,19:45,44318,36.0,5,t,Anfield Road,"Anfield Road. Liverpool. United Kingdom",9,113,63,,2012-10-19 08:30:02.332954,53.4314048,-2.9599874,t,programme.jpeg,,11,2,3,2,4,,,,,,
127,2009-08-16 00:00:00,129,1-4,2009-2010,15:00,133,5.0,12,f,Greene King Stadium,"Leicester Road. Hinckley. United Kingdom",130,110,0,,2012-10-19 08:30:53.593845,52.5217484,-1.2912395,t,programme.jpeg,,8,2,1,1,4,,,,,,
126,2009-08-15 00:00:00,31,2-0,2009-2010,15:00,27385,25.0,5,t,Brittannia Stadium,"Dennis Viollet Avenue. Stoke-on-Trent. Verenigd Koninkrijk",15,109,61,,2012-10-19 08:31:42.953768,52.9860314,-2.1728142,t,programme.jpeg,,12,2,3,3,4,,,,,,
138,2009-10-03 00:00:00,139,1-1,2009-2010,15:00,2000,12.0,28,f,The Oval,"Redcliffe Street. Belfast. United Kingdom",138,121,0,,2012-10-20 10:01:48.768942,54.6019381,-5.8927028,t,programme.jpeg,,13,2,5,2,4,,,,,,
137,2009-10-02 00:00:00,137,1-0,2009-2010,19:45,6000,15.0,27,f,Tallaght Stadium,"Whitestown Road. Dublin. Ierland",136,120,0,,2012-10-20 10:04:19.914048,53.2822103,-6.3799514,t,programme.jpeg,,9,2,1,3,3,,,,,,
139,2009-10-17 00:00:00,59,2-1,2009-2010,15:00,16991,13.0,7,f,The Valley,"Floyd Road. SE7. London",25,122,0,,2012-10-20 10:09:44.110824,51.4866707,0.0332435,t,programme.jpeg,ticket.jpeg,12,3,4,3,2,,,,,,
135,2009-09-05 00:00:00,51,2-1,2009-2010,15:00,16399,13.0,7,f,The Valley,"Floyd Road. SE7. London",25,118,0,,2012-10-20 10:14:18.259586,51.4866707,0.0332435,t,programme.jpeg,ticket.jpeg,12,3,4,3,2,,,,,,
129,2009-08-18 00:00:00,97,0-2,2009-2010,19:45,11242,20.0,8,t,Valley Parade,"Burlington Street. Bradford. Verenigd Koninkrijk",77,112,62,,2012-10-20 10:17:08.672431,53.8043678,-1.7607698,t,programme.jpeg,,13,2,4,3,4,,,,,,
143,2010-01-03 00:00:00,144,1-1,2009-2010,12:30,58300,42.0,16,f,Celtic Park,"Kinloch Street. Glasgow. Verenigd Koninkrijk",107,126,0,,2012-10-20 10:20:52.392993,55.848185,-4.2050702,t,programme.jpeg,,14,3,3,5,3,,,,,,
142,2010-01-02 00:00:00,143,1-0,2009-2010,15:00,4917,20.0,16,f,St. Mirren Park,"Greenhill Road. Paisley. United Kingdom",142,125,0,,2012-10-21 09:58:39.351106,55.8512913,-4.443183,t,programme.jpeg,,6,1,1,1,3,,,,,,
141,2010-01-01 00:00:00,141,3-1,2009-2010,15:00,395,7.0,29,f,The Giant Axe,"Hubert Place. Lancaster. United Kingdom",140,124,0,,2012-10-21 10:00:54.151514,54.0510334,-2.8119043,t,programme.jpeg,,11,3,3,2,3,,,,,,
125,2009-04-11 00:00:00,128,2-2,2008-2009,15:00,274,9.0,20,f,Pennydarren Park,"Park Terrace. Merthyr Tydfil. United Kingdom",127,108,0,,2012-10-21 10:09:04.820236,51.7498178,-3.3782847,t,,,13,3,5,2,3,,,,,,
119,2008-12-28 00:00:00,126,1-0,2008-2009,15:00,1479,12.0,9,t,Broadfield Stadium,"Anglesey Close. Crawley. Verenigd Koninkrijk",81,102,58,,2012-10-21 10:09:55.275713,51.100294,-0.1983703,t,,,8,1,2,2,3,,,,,,
114,2008-09-07 00:00:00,125,2-1,2008-2009,14:00,1752,16.0,9,f,Plainmoor,"Westlands Lane. Torquay. United Kingdom",96,97,0,,2012-10-21 10:10:24.046956,50.4753822,-3.5251445,t,,,10,2,3,2,3,,,,,,
108,2008-08-11 00:00:00,123,0-1,2008-2009,19:45,103,5.0,19,f,Alder Street,"Alder Street. Atherton. United Kingdom",122,91,0,,2012-10-21 10:12:52.063599,53.5240096,-2.485908,t,,,7,1,1,1,4,,,,,,
106,2008-08-09 00:00:00,121,0-1,2008-2009,15:00,461,10.0,10,f,Northolme,"Northolme. Gainsborough. United Kingdom",120,89,0,,2012-10-21 10:56:29.543422,53.4035785,-0.773068,t,,,9,1,3,2,3,,,,,,
103,2008-03-15 00:00:00,119,1-1,2007-2008,15,322,10.0,10,f,Borough Park,"Borough Park. Workington. United Kingdom",118,86,0,,2012-10-21 10:56:43.616212,54.6487162,-3.5510399,t,,,12,2,4,2,4,,,,,,
107,2008-08-10 00:00:00,187,0-0,2008-2009,13:15,21571,27.0,6,t,City Ground,"Colwick Road. West Bridgford. United Kingdom",44,90,51,,2012-10-21 17:32:41.650154,52.9389638,-1.131553,t,,,10,1,4,1,4,,,,,,
110,2008-08-13 00:00:00,75,3-1,2008-2009,19:45,9293,12.0,18,f,Ricoh Arena,"Phoenix Way. Coventry. United Kingdom",34,93,0,,2012-10-21 17:32:55.91388,52.444113,-1.4971871,t,,,9,2,1,2,4,,,,,,
111,2008-08-14 00:00:00,108,1-0,2008-2009,19:45,2603,18.0,18,t,Bootham Crescent,"Bootham Crescent. York. United Kingdom",124,94,0,,2012-10-21 17:33:11.763729,53.9671304,-1.0889103,t,,,13,2,4,3,4,,,,,,
132,2009-08-21 00:00:00,135,2-2,2009-2010,19:30,351,6.0,26,f,The Airfield,"Bishops Court. Broughton. UK",134,115,0,,2012-10-21 17:34:33.020483,53.168951,-2.9830173,t,,,11,3,2,2,4,,,,,,
120,2009-01-27 00:00:00,35,1-0,2008-2009,19:45,20627,25.0,6,f,The Valley,"Floyd Road. SE7. London",25,103,0,,2012-10-21 17:34:53.015078,51.4866707,0.0332435,t,,,13,2,4,4,3,,,,,,
117,2008-12-14 00:00:00,12,0-3,2008-2009,13:30,19413,34.0,5,t,Fratton park,"Specks Lane. Portsmouth. United Kingdom",46,100,57,,2012-10-22 09:15:50.055333,50.796234,-1.0627241,t,,,15,3,5,4,3,,,,,,
123,2009-02-21 00:00:00,39,1-3,2008-2009,17:20,13904,25.0,6,f,Loftus Road,"Loftus Road. London. United Kingdom",14,106,0,,2012-10-22 09:17:18.789851,51.5097553,-0.232974,t,,,12,3,3,3,3,,,,,,
116,2008-11-30 00:00:00,11,0-1,2008-2009,13:30,47320,42.0,5,t,Eastlands,"Rowsley Street. Manchester. United Kingdom",10,99,56,,2012-10-22 09:17:29.673678,53.4829255,-2.2044997,t,,,8,2,1,2,3,,,,,,
124,2009-04-10 00:00:00,88,1-0,2008-2009,19:45,6666,17.0,7,f,Memorial Stadium,"Alton Road. Bristol. United Kingdom",78,107,0,,2012-10-22 09:18:03.204915,51.4856163,-2.5816756,t,,,10,2,3,2,3,,,,,,
118,2008-12-26 00:00:00,14,2-2,2008-2009,13:00,21023,25.0,6,f,The Valley,"Floyd Road. SE7. London",25,101,0,,2012-10-22 09:18:12.879031,51.4866707,0.0332435,t,,,13,3,4,3,3,,,,,,
115,2008-11-29 00:00:00,12,0-0,2008-2009,15:00,32160,32.0,5,t,Riverside Stadium,"Shepherdson Way. Middlesbrough. Verenigd Koninkrijk",42,98,55,,2012-10-22 09:19:42.017293,54.57667,-1.2184216,t,,,11,1,2,5,3,,,,,,
104,2008-04-12 00:00:00,48,1-1,2007-2008,15:00,26206,17.0,6,f,The Valley,"Floyd Road. SE7. London. United Kingdom",25,87,0,,2012-10-22 09:19:52.243722,51.4866707,0.0332435,t,,ticket.jpeg,12,2,4,3,3,,,,,,
105,2008-08-09 00:00:00,40,1-2,2008-2009,12:00,8315,10.0,7,t,Glanford Park,"Mansfield Road. Scunthorpe. United Kingdom",66,88,50,,2012-10-22 09:21:02.824719,53.5879525,-0.6898497,t,,,12,3,1,4,4,,,,,,
113,2008-09-06 00:00:00,24,2-1,2008-2009,15:00,3930,13.0,7,t,St. James Park,"Saint James' Road. Exeter. United Kingdom",57,96,54,,2012-10-22 09:21:30.327048,50.7299866,-3.5212151,t,,,13,3,4,3,3,,,,,,
122,2009-02-07 00:00:00,63,0-1,2008-2009,17:20,22328,8.0,7,t,Walkers Stadium,"Burnmoor Street. Leicester. Verenigd Koninkrijk",41,105,60,,2012-10-22 09:25:16.695915,52.6234363,-1.1394494,t,,,8,2,1,2,3,,,,,,
112,2008-08-16 00:00:00,25,1-0,2008-2009,15:00,14413,23.0,6,t,Vicarage Road,"vicarage road. Watford. United Kingdom",49,95,53,,2012-10-22 09:29:27.930847,51.649097,-0.4057883,t,,,11,2,3,2,4,,,,,,
133,2009-08-22 00:00:00,86,2-2,2009-2010,15:00,1757,12.0,8,t,Christie Park,"Christie Avenue. Morecambe. United Kingdom",87,116,64,,2012-10-22 09:29:44.108676,54.0655838,-2.8474813,t,,,10,3,1,2,4,,,,,,
121,2009-02-07 00:00:00,68,1-2,2008-2009,12:00,30786,29.0,6,t,Bramall Lane,"Bramall Lane. Sheffield. Verenigd Koninkrijk",67,104,59,,2012-10-22 09:29:57.248483,53.3690574,-1.4717771,t,,,15,4,4,4,3,,,,,,
163,2011-08-20 00:00:00,153,0-1,2011-2012,15:00,781,14.0,9,f,Twerton Park,"Dominion Road. Bath. UK",152,146,0,,2012-10-17 05:03:29.373235,51.3797999,-2.3971579,t,programme.jpeg,,11,2,3,2,4,,,,,,
154,2010-09-11 00:00:00,149,0-0,2010-2011,15:00,3800,10.0,28,f,Windsor Park,"Donegall Avenue. Belfast. Verenigd Koninkrijk",148,137,0,,2012-10-27 10:16:07.592153,54.5854303,-5.9521146,t,programme.jpeg,,11,1,3,3,4,,,,,,
155,2010-09-13 00:00:00,136,5-1,2010-2011,19:45,2100,10.0,27,f,Oriel Park,"Carrickmacross Road. Dundalk. Ierland",147,138,0,,2012-10-27 14:13:34.607447,54.0013574,-6.4241689,t,programme.jpeg,,14,4,3,3,4,,,,,,
153,2010-09-10 00:00:00,147,1-3,2010-2011,19:45,783,10.0,27,f,Hunky Dorys Park,"Windmill Road. Drogheda. Ierland",146,136,0,,2012-10-27 14:17:00.973695,53.7218203,-6.3561665,t,programme.jpeg,,13,3,3,3,4,,,,,,
151,2010-08-14 00:00:00,115,2-1,2010-2011,15:00,272,10.0,10,f,New Manor,"Awsworth Road. Ilkeston. Verenigd Koninkrijk",145,134,0,,2012-10-21 10:05:04.906009,52.9830998,-1.3021125,t,programme.jpeg,,10,2,3,2,3,,,,,,
164,2011-08-21 00:00:00,89,1-2,2011-2012,13:00,12113,19.0,8,t,County Ground,"Shrivenham Road. Swindon. UK",95,147,68,,2012-10-19 08:23:57.681016,51.625541,-1.7093306,t,programme.jpeg,,16,3,4,4,5,,,,,,
147,2010-05-01 00:00:00,40,1-0,2009-2010,15:00,23198,13.0,7,f,The Valley,"Floyd Road. SE7. London",25,130,0,,2012-10-22 09:10:20.991972,51.4866707,0.0332435,t,,ticket.jpeg,12,2,4,3,3,,,,,,
145,2010-04-05 00:00:00,53,1-0,2009-2010,15:00,17229,13.0,7,f,The Valley,"Floyd Road. SE7. London",25,128,0,,2012-10-22 09:10:39.780234,51.4866707,0.0332435,t,,,11,2,4,2,3,,,,,,
156,2010-12-12 00:00:00,71,0-1,2010-2011,15:00,14938,17.0,7,f,The Valley,"Floyd Road. SE7. London",25,139,0,,2012-10-22 09:10:53.553275,51.4866707,0.0332435,t,,,9,1,4,2,2,,,,,,
150,2010-08-13 00:00:00,25,1-2,2010-2011,19:45,5535,22.0,7,f,Brisbane Road,"Brisbane Road. London. Verenigd Koninkrijk",60,133,0,,2012-10-22 09:18:25.101149,51.5601899,-0.0127137,t,,,12,3,2,4,3,,,,,,
162,2011-04-30 00:00:00,90,1-0,2010-2011,15:00,7869,21.0,7,f,St. James Park,"Saint James' Road. Exeter. Verenigd Koninkrijk",57,145,0,,2012-10-22 09:18:47.522478,50.7299866,-3.5212151,t,,,13,2,4,4,3,,,,,,
144,2010-01-30 00:00:00,70,1-1,2009-2010,15:00,16168,13.0,7,f,The Valley,"Floyd Road. SE7. London",25,127,0,,2012-10-22 09:25:49.604229,51.4866707,0.0332435,t,,ticket.jpeg,11,2,4,2,3,,,,,,
161,2011-04-29 00:00:00,54,0-0,2010-2011,19:45,5002,16.0,8,f,Plainmoor,"Westlands Lane. Torquay. United Kingdom",96,144,0,,2012-10-22 09:26:01.935271,50.4753822,-3.5251445,t,,,10,2,3,2,3,,,,,,
152,2010-08-15 00:00:00,40,1-1,2010-2011,13:15,24986,24.0,6,f,County Ground,"Pavilion Road. Nottingham. United Kingdom",44,135,0,,2012-10-22 09:26:29.099241,53.0103472,-1.1561187,t,,,16,3,4,5,4,,,,,,
148,2010-05-06 00:00:00,65,1-0,2009-2010,15:00,4638,15.0,8,f,Underhill,"Westcombe Drive. Barnet. United Kingdom",76,131,0,,2012-10-22 09:26:41.732738,51.6470123,-0.191701,t,,,11,2,3,3,3,,,,,,
146,2010-04-17 00:00:00,13,0-1,2009-2010,15:00,200231,13.0,7,f,The Valley,"Floyd Road. SE7. London",25,129,0,,2012-10-22 09:27:56.347645,51.4866707,0.0332435,t,,ticket.jpeg,10,1,4,2,3,,,,,,
159,2011-04-15 00:00:00,77,4-0,2009-2010,19:45,5217,18.0,8,t,Roots Hall,"Roots Hall. Victoria Avenue. Southend-on-Sea. Verenigd Koninkrijk",94,142,67,,2012-10-22 09:28:16.025822,51.5459269,0.7077123,t,,,13,3,4,3,3,,,,,,
157,2010-12-28 00:00:00,93,2-1,2010-2011,15:00,9440,19.0,8,t,Kassam Stadium,"Grenoble Road. Oxford. United Kingdom",89,140,65,,2012-10-29 06:09:56.360856,51.7146284,-1.2055178,t,programme.jpeg,,6,2,1,2,1,,,,,,
160,2011-04-16 00:00:00,151,2-0,2010-2011,15:00,693,12.0,11,f,Cressing Road,"Cressing Road. Braintree. UK",150,143,0,,2012-10-29 06:12:47.057623,51.8752039,0.5750553,t,programme.jpeg,,10,2,3,2,3,,,,,,
136,2009-09-26 00:00:00,57,2-1,2009-2010,15:00,16867,13.0,7,f,The Valley,"Floyd Road. SE7. London",25,119,0,,2012-10-19 08:26:37.225302,51.4866707,0.0332435,t,programme.jpeg,ticket.jpeg,13,3,4,3,3,,,,,,
134,2009-08-23 00:00:00,32,4-0,2009-2010,13:15,20853,25.0,6,f,Cardiff City Stadium,"Ninian Park. Cardiff. United Kingdom",33,117,0,,2012-10-19 08:27:33.839204,51.4729529,-3.196426,t,programme.jpeg,,10,3,1,2,4,,,,,,
128,2009-08-17 00:00:00,132,2-3,2009-2010,19:45,142,8.0,24,f,Hurst Cross,"Hurst Cross. Ashton-under-Lyne. United Kingdom",131,111,0,,2012-10-20 10:12:10.638086,53.5007506,-2.0781501,t,programme.jpeg,,16,4,5,3,4,,,,,,
140,2009-12-28 00:00:00,25,1-1,2009-2010,15:00,8387,20.0,7,f,Griffin Park,"Braemar Road. Brentford. Hounslow. United Kingdom",51,123,0,,2012-10-21 10:03:08.123181,51.4874292,-0.3023629,t,programme.jpeg,,13,3,4,3,3,,,,,,
49,2006-02-11 00:00:00,103,1-0,2005-2006,15:00,2555,10.0,9,f,Edgar Street,"Edgar Street. Hereford. United Kingdom",85,32,22,,2012-10-21 10:08:46.170842,52.0610838,-2.7183579,t,,,11,3,4,2,2,,,,,,
70,2006-11-18 00:00:00,110,3-2,2006-2007,15:00,1053,10.0,10,f,St. Georges Lane,"St Georges lane. Worcester. United Kingdom",109,53,0,,2012-10-21 10:56:57.280946,52.2045213,-2.2240438,t,,,15,4,5,3,3,,,,,,
84,2007-04-09 00:00:00,113,2-1,2006-2007,15:00,822,10.0,11,f,Hayes Lane,"Letchworth Drive. Bromley. United Kingdom",112,67,0,,2012-10-21 10:57:39.900161,51.3910904,0.0150502,t,,,11,3,3,2,3,,,,,,
32,2005-04-15 00:00:00,89,1-0,2004-2005,19:45,10602,15.0,8,t,Vetch Field,"Madoc Street. Swansea. United Kingdom",17,15,11,,2012-10-21 11:05:40.811903,51.6169184,-3.9510038,t,,,17,3,5,5,4,,,,,,
42,2005-10-29 00:00:00,5,0-1,2005-2006,15:00,26175,20.0,5,f,The Valley,"Floyd Road. SE7. London. United Kingdom",25,25,0,,2012-10-21 17:26:25.800501,51.4866707,0.0332435,t,,,8,1,4,2,1,,,,,,
52,2006-03-10 00:00:00,53,0-3,2005-2006,19:45,7045,15.0,8,t,Sixfields,"Edgar Mobbs Way. Northampton. United Kingdom",88,35,25,,2012-10-21 17:29:18.507018,52.2357477,-0.9242608,t,,,8,2,2,1,3,,,,,,
101,2008-02-08 00:00:00,35,2-0,2007-2008,19:45,26202,17.0,6,f,The Valley,"Floyd Road. SE7. London. United Kingdom",25,84,0,,2012-10-21 17:33:37.400231,51.4866707,0.0332435,t,,ticket.jpeg,15,4,4,4,3,,,,,,
102,2008-02-16 00:00:00,49,2-2,2007-2008,15:00,26337,17.0,6,f,The Valley,"Floyd Road. SE7. London. United Kingdom",25,85,0,,2012-10-22 09:15:04.922794,51.4866707,0.0332435,t,,ticket.jpeg,13,3,4,3,3,,,,,,
85,2007-04-09 00:00:00,187,0-0,2006-2007,17:00,26271,17.0,5,f,The Valley,"Floyd Road. SE7. London. United Kingdom",25,68,0,,2012-10-22 09:16:00.755585,51.4866707,0.0332435,t,,ticket.jpeg,8,1,4,1,2,,,,,,
109,2008-08-12 00:00:00,31,0-2,2008-2009,19:45,4176,10.0,18,t,Gigg Lane,"Gigg Lane. Bury. United Kingdom",52,92,52,,2012-10-22 09:21:14.295002,53.5826863,-2.2903426,t,,,10,2,2,2,4,,,,,,
93,2007-09-14 00:00:00,40,0-3,2007-2008,19:45,11883,17.0,7,t,Memorial Stadium,"Alton Road. Bristol. United Kingdom",78,76,47,,2012-10-22 09:22:39.666588,51.4856163,-2.5816756,t,,,12,3,3,3,3,,,,,,
97,2007-10-27 00:00:00,14,0-1,2007-2008,15:00,236711,72.0,6,f,The Valley,"Floyd Road. SE7. London. United Kingdom",25,80,0,,2012-10-22 09:27:46.737566,51.4866707,0.0332435,t,,ticket.jpeg,10,1,4,2,3,,,,,,
149,2010-08-07 00:00:00,23,1-0,2010-2011,15:00,16236,17.0,7,f,The Valley,"Floyd Road. SE7. London",25,132,0,,2012-10-22 09:28:05.58664,51.4866707,0.0332435,t,,,13,3,4,3,3,,,,,,
165,2011-08-22 00:00:00,155,1-0,2011-2012,19:45,354,9.0,24,f,Horsfall Stadium,"moor top Road. Buttershaw. Bradford. United Kingdom",154,149,0,,2012-10-17 05:13:09.806558,53.7562318,-1.7776326,t,programme.jpeg,,8,2,1,1,4,,,,,,
169,2011-08-26 00:00:00,124,0-0,2011-2012,19:45,2111,12.5,9,t,Highbury,"Highbury Avenue. Fleetwood. Verenigd Koninkrijk",160,153,0,,2012-10-17 05:07:22.985715,53.9172571,-3.027544,t,programme.jpeg,,11,1,3,3,4,,,,,,
175,2011-10-14 00:00:00,167,1-1,2011-2012,15:00,421,11.0,21,f,Bob Lucas Stadium,"Radipole Lane. Weymouth. United Kingdom",166,159,0,,2012-10-17 04:58:03.065989,50.614079,-2.48182,t,programme.jpeg,,11,2,3,2,4,,,,,,
176,2011-10-28 00:00:00,137,0-0,2011-2012,19:45,2164,5.5,27,f,Brandywell,"Brandywell Road. Londonderry. United Kingdom",168,160,0,,2012-10-16 19:38:51.243614,54.9910321,-7.3347364,t,programme.jpeg,,13,2,4,3,4,,,,,,
177,2011-10-29 00:00:00,149,1-2,2011-2012,15:00,800,10.0,28,f,Shamrock Park,"Brownstown Road. Craigavon. Verenigd Koninkrijk",170,161,0,,2012-10-16 19:40:22.950322,54.4169045,-6.4567678,t,programme.jpeg,,12,3,3,2,4,,,,,,
178,2011-10-29 00:00:00,172,1-2,2011-2012,19:45,3277,15.0,27,f,Tolka Park,"Richmond Road. Dublin. Ireland",171,162,0,,2012-10-16 19:39:09.797061,53.3659397,-6.2481358,t,programme.jpeg,,18,5,4,5,4,,,,,,
179,2011-12-26 00:00:00,174,8-0,2011-2012,13.00,1019,8.0,33,f,Westbourne Stadium,"Cheriton Road. Folkestone. United Kingdom",173,163,0,,2012-10-17 13:43:17.773529,51.0842715,1.1629281,t,programme.jpeg,,13,4,3,3,3,,,,,,
182,2012-02-25 00:00:00,178,2-0,2011-2012,15:00,357,8.0,34,f,The Moat Ground,"Moat Street. Swadlincote. United Kingdom",177,166,0,,2012-10-17 13:42:42.162206,52.7623419,-1.5625755,t,programme.jpeg,,13,2,4,2,5,,,,,,
158,2011-03-12 00:00:00,48,1-3,2010-2011,15:00,10008,19.0,7,t,Dean Court,"King's Park Drive. Bournemouth. Verenigd Koninkrijk",23,141,66,,2012-10-29 06:11:21.760518,50.7344896,-1.8315103,t,programme.jpeg,,11,3,2,3,3,,,,,,
20,2003-12-28 00:00:00,55,2-0,2003-2004,15:00,15720,24.0,7,t,Loftus Road,"South Africa Road. London. United Kingdom",14,4,4,,2012-10-31 06:13:10.887514,51.5110879,-0.2294677,t,,ticket.jpeg,10,2,3,2,3,,,,,,
183,2012-02-26 00:00:00,67,1-0,2011-2012,13:00,36364,26.0,7,f,Hillsborough,"Leppings Lane. Sheffield",68,167,0,,2012-10-17 13:42:18.937769,53.41313,-1.5029213,t,,,19,4,5,5,5,,,,,,
181,2012-01-21 00:00:00,67,1-0,2011-2012,15.00,20,22.0,7,f,The Valley,"Floyd Road. SE7. London. United Kingdom",25,165,0,,2012-10-19 07:49:43.05919,51.1415103,1.2792448,t,programme.jpeg,ticket.jpeg,12,2,4,3,3,,,,,,
180,2011-12-26 00:00:00,126,1-1,2011-2012,15.00,1027,12.0,11,f,The Crabble,"Crabble Road. Dover. United Kingdom",175,164,0,,2012-10-19 07:50:27.407466,51.1401703,1.2868543,t,programme.jpeg,,10,2,3,2,3,,,,,,
173,2011-08-29 00:00:00,165,3-3,2011-2012,15:00,113,9.0,32,f,The Mill Field,"Mill Road. Aveley. United Kingdom",164,157,0,,2012-10-19 08:21:00.719948,51.5016716,0.2507887,t,programme.jpeg,,11,3,2,2,4,,,,,,
166,2011-08-23 00:00:00,142,3-4,2011-2012,19:45,4959,12.0,30,f,Cappielow Park,"Sinclair Street. Greenock. United Kingdom",156,150,0,,2012-10-19 08:22:39.017944,55.9394497,-4.7266425,t,programme.jpeg,,20,5,5,5,5,,,,,,
170,2011-08-27 00:00:00,161,1-2,2011-2012,15:00,1291,1.0,9,f,Holker Street,"Holker Street Stadium. Wilkie Road. Barrow-in-Furness. Cumbria LA14 5UW",153,154,0,,2012-10-22 09:09:19.185254,54.1232654,-3.2360392,t,programme.jpeg,,15,3,4,3,5,,,,,,
174,2011-09-23 00:00:00,40,3-3,2011-2012,19:45,20646,30.0,5,f,Falmer,"Village Way. Brighton. Verenigd Koninkrijk",30,158,0,,2012-10-22 09:23:45.478871,50.8605674,-0.0822367,t,,,13,4,2,3,4,,,,,,
168,2011-08-25 00:00:00,159,1-1,2011-2012,19:45,32223,25.0,25,f,Ibrox,"Edmiston Drive. Glasgow. UK",144,152,0,,2012-10-22 09:25:38.862984,55.852788,-4.3122744,t,,,14,2,4,3,5,,,,,,
171,2011-08-28 00:00:00,41,1-1,2011-2012,15:00,11937,26.0,6,f,Vicarage Road,"Vicarage Road. Watford. United Kingdom",49,155,0,,2012-10-22 09:30:25.901904,51.649097,-0.4057883,t,,,10,2,3,2,3,,,,,,
184,2012-03-10 00:00:00,181,0-1,2011-2012,15:00,364,20.0,35,f,Top Field,"Fishponds Road. Hitchin. Verenigd Koninkrijk",180,168,0,,2012-10-17 13:41:56.38457,51.9536401,-0.2804251,t,programme.jpeg,,10,1,3,2,4,,,,,,
185,2012-04-06 00:00:00,183,0-3,2011-2012,15:00,1198,12.0,11,f,The Camrose,"Western Way. Basingstoke. United Kingdom",182,169,0,,2012-10-17 13:41:33.959896,51.2563494,-1.1129793,t,programme.jpeg,,12,3,3,2,4,,,,,,
186,2012-04-07 00:00:00,185,1-5,2011-2012,19:30,527,5.0,36,f,Mill Road,"Mill Road. Arundel. Verenigd Koninkrijk",184,170,0,,2012-10-17 13:41:14.830271,50.8594734,-0.6249101,t,programme.jpeg,,8,1,2,1,4,,,,,,
187,2012-04-07 00:00:00,46,2-2,2011-2012,13:00,31743,35.0,6,t,St. Mary's Stadium,"Britannia Road. Southampton. Hampshire SO14 5FP",48,171,68,,2012-10-17 13:40:11.849981,50.907678,-1.3900607,t,,,13,4,1,5,3,,,,,,
188,2012-04-21 00:00:00,72,2-1,2011-2012,15:00,18539,18.0,7,f,The Valley,"Floyd Road. SE7. London",25,172,0,,2012-10-17 13:39:56.088431,51.4866707,0.0332435,t,programme.jpeg,ticket.jpeg,11,2,4,3,2,,,,,,
189,2012-08-24 00:00:00,228,1-4,2012-2013,19:45,110,8.0,12,f,Ship Lane,"Back Lane. Thurrock. United Kingdom",227,173,0,2012-08-28 14:24:13.609572,2012-10-17 13:39:37.492096,51.4887442,0.2662193,t,programme.jpeg,,10,3,2,1,4,,,,,,
190,2012-08-25 00:00:00,118,5-1,2012-2013,15:00,1167,12.0,10,f,The Shay,"Hunger Hill. Halifax. United Kingdom",103,174,0,2012-08-28 14:26:40.285301,2012-10-17 13:39:14.83157,53.7176013,-1.8588231,t,programme.jpeg,ticket.jpeg,13,3,3,3,4,,,,,,
191,2012-08-26 00:00:00,144,1-1,2012-2013,12:00,4140,0.0,39,f,Shielfield Park,"Shielfield Park. Berwich. United Kingdom",229,175,0,2012-08-28 14:30:14.736564,2012-10-17 13:38:40.97661,55.760659,-2.0136953,t,programme.jpeg,ticket.jpeg,16,4,4,4,4,,,,,,
192,2012-08-27 00:00:00,126,0-0,2012-2013,15:00,829,12.0,11,f,The Crabble,"Crabble Road. Dover. United Kingdom",175,176,0,2012-08-28 14:32:41.966964,2012-10-17 13:38:19.128858,51.1401703,1.2868543,t,programme.jpeg,,10,1,3,2,4,,,,,,
193,2012-09-28 00:00:00,231,3-1,2012-2013,19:45,702,10.0,28,f,Solitude,"Cliftonville Street. Belfast. United Kingdom",149,177,0,2012-10-01 09:02:04.282827,2012-10-16 19:38:28.471638,54.618514,-5.9475078,t,programme.jpeg,ticket.jpeg,13,2,3,3,5,,,,,,
194,2012-09-29 00:00:00,232,2-0,2012-2013,15:00,780,10.0,28,f,Showgrounds,"Hillmans Fancy. Coleraine. UK",230,178,0,2012-10-01 09:06:26.073133,2012-10-16 19:36:07.151001,55.1323128,-6.6610713,t,programme.jpeg,,14,2,4,3,5,,,,,,
195,2012-09-29 00:00:00,234,1-2,2012-2013,19:45,550,10.0,27,f,Finn Park,"Chestnut Road. Ballybofey. ireland",233,179,0,2012-10-01 09:07:52.901765,2012-10-16 19:03:59.462101,54.7987506,-7.779125,t,programme.jpeg,ticket.jpeg,11,2,2,2,5,,,,,,
196,2012-10-13 00:00:00,236,0-1,2012-2013,15:00,421,8.0,40,f,Chadfields,"Chadfields. Tilbury. United Kingdom",235,180,0,2012-10-14 09:54:44.523078,2012-10-16 19:00:16.006225,51.4695856,0.3644496,t,programme.jpeg,,8,1,2,2,3,,,,,,
172,2011-08-29 00:00:00,162,0-1,2011-2012,11:30,159,6.0,31,f,Stag Meadow,"Talbot Court. Saint Leonard's Road. Windsor. United Kingdom",163,156,0,,2012-10-19 07:47:50.676075,51.4743343,-0.6151624,t,programme.jpeg,,8,1,2,1,4,,,,,,
167,2011-08-24 00:00:00,158,0-4,2011-2012,19:45,1778,10.0,30,f,Broadwood Stadium,"Ardgoil Drive. Cumbernauld. United Kingdom",157,151,0,,2012-10-19 07:51:50.269211,55.9449899,-4.0341284,t,programme.jpeg,,9,2,1,1,5,,,,,,
200,2012-12-09 00:00:00,245,0-3,2012-2013,12:45,11419,20.0,16,f,Dens Park,"Sandeman Street. Dundee. United Kingdom",244,183,0,2012-12-11 08:24:21.083645,2012-12-12 16:16:01.70635,56.4752313,-2.9680461,t,programme1.jpeg,ticket1.jpeg,16,3,5,4,4,,,,,,
197,2011-08-21 00:00:00,239,0-0,2011-2012,15:00,131,0.0,12,f,Langland Stadium,"Langland Avenue. Malvern. United Kingdom",237,148,0,2012-10-24 06:18:18.187031,2012-10-27 10:04:35.48878,52.1159742,-2.305307,t,programme.jpeg,,9,1,2,1,5,,,,,,
41,2005-10-08 00:00:00,17,1-0,2005-2006,15:00,7578,16.0,7,t,Huish Park,"Memorial Road. Yeovil. United Kingdom",73,24,17,,2012-10-28 10:56:55.272167,50.9493513,-2.6729912,t,programme.jpeg,,9,1,2,2,4,,,,,,
1,2002-12-28 00:00:00,19,1-0,2002-2003,15:00,26196,20.0,5,t,The Valley,"Floyd Road. SE7. London. United Kingdom",25,1,1,,2012-10-31 06:10:45.17404,51.4866707,0.0332435,t,,ticket.jpeg,11,2,4,2,3,,,,,,
198,2012-11-03 00:00:00,42,1-4,2012-2013,15:00,17736,20.0,6,f,The Valley,"Floyd Road. SE7. London. United Kingdom",25,181,0,2012-11-04 11:19:41.796347,2012-11-04 11:19:41.796347,51.4866707,0.0332435,t,programme.jpeg,ticket.jpeg,8,1,4,2,1,,,,,,
199,2012-12-08 00:00:00,243,2-1,2012-2013,15:00,1495,17.0,41,f,Almondvale Stadium,"Almondvale Stadium Road. Livingston. United Kingdom",242,182,0,2012-12-11 08:18:06.761023,2012-12-12 16:15:33.319322,55.8866648,-3.5251593,t,programme.jpeg,ticket.jpeg,10,2,2,2,4,,,,,,
201,2012-12-29 00:00:00,36,1-1,2012-2013,15:00,17761,20.0,6,f,The Valley,"Floyd Road. SE7. London. United Kingdom",25,184,0,2013-01-01 15:11:15.179318,2013-01-01 15:11:15.179318,51.4866707,0.0332435,t,,programme.jpeg,13,3,4,3,3,,,,,,
202,2013-01-04 00:00:00,108,1-1,2012-2013,19:45,3627,17.0,9,f,Rodney Parade,"Rodney Road. Newport. United Kingdom",194,185,0,2013-01-06 15:14:57.899698,2013-01-06 15:14:57.899698,51.5882276,-2.9892852,t,programme.jpeg,ticket.jpeg,12,3,3,3,3,,,,,,
203,2013-01-05 00:00:00,13,0-3,2012-2013,15:00,13198,18.0,12,f,London Road,"Glebe Road. Peterborough. United Kingdom",45,186,0,2013-01-06 15:18:18.730659,2013-01-06 15:19:59.127811,52.5445884,-0.2527108,t,programme1.jpeg,ticket1.jpeg,13,2,5,3,3,,,,,,
204,2013-01-27 00:00:00,6,2-2,2012-2013,12:00,12146,30.0,12,f,Griffin Park,"Braemar Road. brentford. UK",51,187,0,2013-01-28 16:22:51.381462,2013-01-28 16:22:51.381462,51.4874292,-0.3023629,t,programme.jpeg,ticket.jpeg,20,5,5,5,5,,,,,,
205,2013-02-02 00:00:00,249,2-2,2012-2013,15:00,326,11.0,43,f,Links Park,"Wellington Street. Montrose. Angus DD10 8QD. United Kingdom",248,188,0,2013-02-04 10:02:43.172045,2013-02-04 10:02:43.172045,56.7138216,-2.4604324,t,programme1.jpeg,ticket1.jpeg,12,4,3,2,3,,,,,,
206,2013-02-03 00:00:00,107,0-3,2012-2013,12:45,7144,17.0,44,f,Starks Park,"Bridgeway. Mill Street. Kirkcaldy. United Kingdom",247,189,0,2013-02-04 10:06:13.70013,2013-02-04 10:07:20.341158,56.0985589,-3.1685813,t,programme2.jpeg,ticket2.jpeg,13,3,4,3,3,,,,,,
207,2013-03-15 00:00:00,253,4-1,2012-2013,19:45,5108,19,16,f,Fir Park,"Fir Park Street. Motherwell. Scotland",158,190,0,2013-03-19 13:17:00,2013-03-19 13:17:00,55.7803,-3.98154,t,programme_motherwell.jpeg,ticket_motherwell.jpeg,16,4,4,4,4,NULL,NULL,NULL,NULL,,
208,2013-03-16 00:00:00,251,1-1,2012-2013,15:00,656,12,45,f,Gayfield Park,"Queen's Drive. Arbroath. Scotland",250,191,0,2013-03-19 13:21:40,2013-03-19 13:21:40,56.5529,-2.59251,t,programme_arbroath.jpeg,ticket_arbroath.jpeg,13,2,4,3,4,NULL,NULL,NULL,NULL,,
209,2013-03-17 00:00:00,244,1-1,2012-2013,12:00,10731,22,16,f,Tannadice,"Tannadice Street. Dundee. United Kingdom",245,192,0,2013-03-19 13:23:51,2013-03-19 13:23:51,56.4739,-2.96849,t,programme_dundee.jpeg,ticket_dundee.jpeg,16,4,4,4,4,NULL,NULL,NULL,NULL,,
210,2013-04-01 00:00:00,255,4-1,2012-2013,15:00,583,8,37,f,Kettering Road,"Kettering Road. Stamford. United Kingdom",254,193,0,2013-04-04 18:15:03,2013-04-04 18:15:03,52.6462,-0.480526,t,programme.jpeg,NULL,14,4,3,3,4,NULL,NULL,NULL,NULL,,
211,2013-04-12 00:00:00,104,1-1,2012-2013,19:45,5662,18,9,f,Kenilworth Road,"Kenilworth Road. Luton. United Kingdom",100,194,0,2013-04-15 15:50:09,2013-04-15 15:50:09,51.8842,-0.42947,t,ticket_2.jpeg,NULL,15,3,5,3,4,NULL,NULL,NULL,NULL,,
212,2013-04-13 00:00:00,174,1-2,2012-2013,15:00,220,8,33,f,Belmont Road,"Belmont Road. Whitstable. United Kingdom",256,195,0,2013-04-15 15:52:16,2013-04-15 15:52:16,51.3547,1.02804,t,programme.jpeg,NULL,12,3,3,2,4,NULL,NULL,NULL,NULL,,
218,2013-06-15 00:00:00,234,0-2,2013-2014,19:45,547,10.0,27,f,St. Colman's Park,"Barrymore Avenue. Cobh. Ireland",258,200,0,2013-06-17 09:19:43.983683,2013-08-19 08:48:26.247512,51.8528166,-8.299353,t,ticket2.jpeg,programme2.jpeg,7,2,1,2,2,https://dl.dropboxusercontent.com/u/45762137/football/ireland/cobh_ramblers/2013-06-15%2018.27.50.jpg,https://dl.dropboxusercontent.com/u/45762137/football/ireland/cobh_ramblers/2013-06-15%2019.16.18.jpg,https://dl.dropboxusercontent.com/u/45762137/football/ireland/cobh_ramblers/2013-06-15%2019.16.22.jpg,https://dl.dropboxusercontent.com/u/45762137/football/ireland/cobh_ramblers/2013-06-15%2019.17.08.jpg,https://dl.dropboxusercontent.com/u/45762137/football/ireland/cobh_ramblers/ticket.jpeg,https://dl.dropboxusercontent.com/u/45762137/football/ireland/cobh_ramblers/programme.jpeg
219,2013-08-14 00:00:00,262,6-2,2013-2014,13:00,150,0.0,15,f,Oak Tree Road,"Oak Tree Road. Marlow. United Kingdom",261,201,0,2013-08-19 12:47:32.072765,2013-08-19 12:47:32.072765,51.5794693,-0.7741035,t,,,12,3,3,2,4,https://dl.dropboxusercontent.com/u/45762137/football/england/marlow/2013-08-14%2014.33.25.jpg,https://dl.dropboxusercontent.com/u/45762137/football/england/marlow/2013-08-14%2013.33.46.jpg,https://dl.dropboxusercontent.com/u/45762137/football/england/marlow/2013-08-14%2013.33.41.jpg,https://dl.dropboxusercontent.com/u/45762137/football/england/marlow/2013-08-14%2013.33.37.jpg,"",""
214,2013-04-20 00:00:00,72,1-0,2012-2013,15:00,6001,14.0,8,f,Underhill,"Westcombe Drive. Barnet. United Kingdom",76,196,0,2013-04-22 06:05:44.278239,2013-04-22 06:05:44.278239,51.6470123,-0.191701,t,programme.jpeg,ticket.jpeg,16,3,4,5,4,,,,,,
215,2013-04-27 00:00:00,201,0-1,2012-2013,15:00,4075,12.0,10,f,St. George's Lane,"St Georges Ln N. Worcester. Worcestershire WR1. United Kingdom",109,197,0,2013-04-29 11:12:47.087511,2013-04-29 11:12:47.087511,52.2045369,-2.2241339,t,programme1.jpeg,ticket1.jpeg,16,3,5,4,4,,,,,,
216,2013-04-28 00:00:00,108,1-3,2012-2013,13:30,6202,14.0,9,f,Aggborough Stadium,"Griffin Road. Kidderminster. United Kingdom",193,198,0,2013-04-29 11:16:20.458019,2013-04-29 11:16:20.458019,52.3802706,-2.2444334,t,programme2.jpeg,ticket2.jpeg,13,4,2,3,4,,,,,,
217,2013-06-14 00:00:00,146,1-0,2013-2014,19:45,1483,13.0,27,f,Turner's Cross,"Turners Cross. Cork. Ireland",172,199,0,2013-06-17 09:14:43.451453,2013-06-17 09:14:43.451453,51.8852642,-8.4685816,t,ticket1.jpeg,_programm1.jpeg,10,2,3,3,2,,,,,,
220,2013-08-14 00:00:00,260,3-2,2013-2014,19:45,80485,45.0,15,f,Wembley Stadium,"Royal Route. Wembley. UK",259,202,0,2013-08-19 12:58:49.419966,2013-08-23 07:53:14.233184,51.5569073,-0.281952,t,,,14,3,4,3,4,https://dl.dropboxusercontent.com/u/45762137/football/england/wembley/2013-08-14%2018.16.31.jpg,https://dl.dropboxusercontent.com/u/45762137/football/england/wembley/2013-08-14%2018.42.54.jpg,https://dl.dropboxusercontent.com/u/45762137/football/england/wembley/2013-08-14%2018.42.59.jpg,https://dl.dropboxusercontent.com/u/45762137/football/england/wembley/2013-08-14%2018.43.03.jpg,https://dl.dropboxusercontent.com/u/45762137/Football/england/wembley/ticket.png,""
221,2013-08-15 00:00:00,264,5-5,2013-2014,18:45,500,10.0,26,f,Belle Vue,"Grange Road. Rhyl. United Kingdom",135,203,0,2013-08-19 13:05:26.788379,2013-08-23 07:54:26.11352,53.3198509,-3.4773902,t,,,15,5,3,3,4,https://dl.dropboxusercontent.com/u/45762137/football/england/rhyl/2013-08-15%2018.25.01.jpg,https://dl.dropboxusercontent.com/u/45762137/football/england/rhyl/2013-08-15%2018.25.45.jpg,https://dl.dropboxusercontent.com/u/45762137/football/england/rhyl/2013-08-15%2018.25.49.jpg,https://dl.dropboxusercontent.com/u/45762137/football/england/rhyl/2013-08-15%2018.28.31.jpg,"",https://dl.dropboxusercontent.com/u/45762137/Football/england/rhyl/programme.png
222,2013-08-16 00:00:00,204,3-1,2013-2014,19:45,200,8.0,38,f,Look Local Stadium,"Bracken Moore Lane. Stocksbridge. United Kingdom",265,204,0,2013-08-19 13:44:07.69642,2013-08-23 08:11:44.924154,53.4770719,-1.5882004,t,,,13,3,3,3,4,https://dl.dropboxusercontent.com/u/45762137/Football/england/stocksbridgeparksteels/2013-08-16%2018.52.39.jpg,https://dl.dropboxusercontent.com/u/45762137/Football/england/stocksbridgeparksteels/2013-08-16%2018.52.44.jpg,https://dl.dropboxusercontent.com/u/45762137/Football/england/stocksbridgeparksteels/2013-08-16%2018.55.03.jpg,https://dl.dropboxusercontent.com/u/45762137/Football/england/stocksbridgeparksteels/2013-08-16%2019.00.29.jpg,https://dl.dropboxusercontent.com/u/45762137/Football/england/stocksbridgeparksteels/programme.png,""
224,2013-08-17 00:00:00,267,1-3,2013-2014,15:00,78,8.0,22,f,Dennyfield,"Ainsbury Avenue. Thackley. United Kingdom",266,206,0,2013-08-19 13:47:53.790741,2013-08-19 17:19:55.726741,53.8496793,-1.7245705,t,,,10,2,2,2,4,https://dl.dropboxusercontent.com/u/45762137/Football/england/thackley/2013-08-17%2014.43.53.jpg,https://dl.dropboxusercontent.com/u/45762137/Football/england/thackley/2013-08-17%2014.48.36.jpg,https://dl.dropboxusercontent.com/u/45762137/Football/england/thackley/2013-08-17%2014.48.41.jpg,https://dl.dropboxusercontent.com/u/45762137/Football/england/thackley/2013-08-17%2014.52.33.jpg,https://dl.dropboxusercontent.com/u/45762137/Football/england/thackley/ticket.jpg,https://dl.dropboxusercontent.com/u/45762137/Football/england/thackley/programme.jpg
223,2013-08-17 00:00:00,68,1-1,2013-2014,12:15,23766,31.0,6,f,Elland Road,"Elland Road. Leeds. United Kingdom",40,205,0,2013-08-19 13:45:55.797007,2013-09-02 17:51:09.067177,53.7766152,-1.5720209,t,,,14,2,4,4,4,https://dl.dropboxusercontent.com/u/45762137/Football/england/leedsunited/2013-08-17%2009.51.42.jpg,https://dl.dropboxusercontent.com/u/45762137/Football/england/leedsunited/2013-08-17%2010.52.55.jpg,https://dl.dropboxusercontent.com/u/45762137/Football/england/leedsunited/2013-08-17%2010.53.01.jpg,https://dl.dropboxusercontent.com/u/45762137/Football/england/leedsunited/2013-08-17%2010.55.17.jpg,https://dl.dropboxusercontent.com/u/45762137/Football/england/leedsunited/ticket.png,https://dl.dropboxusercontent.com/u/45762137/Football/england/leedsunited/programme.jpg
225,2013-08-18 00:00:00,18,0-1,2013-2014,13:30,28235,35.0,5,f,Selhurst Park,"holmesdale road. croydon. london. united kingdom",35,207,0,2013-08-19 13:49:39.046255,2013-09-02 17:52:13.359877,51.3971522,-0.0853091,t,,,13,1,4,4,4,https://dl.dropboxusercontent.com/u/45762137/Football/england/crystalpalace/2013-08-18%2010.30.00.jpg,https://dl.dropboxusercontent.com/u/45762137/Football/england/crystalpalace/2013-08-18%2012.36.48.jpg,https://dl.dropboxusercontent.com/u/45762137/Football/england/crystalpalace/2013-08-18%2012.36.56.jpg,https://dl.dropboxusercontent.com/u/45762137/Football/england/crystalpalace/2013-08-18%2012.37.00.jpg,https://dl.dropboxusercontent.com/u/45762137/Football/england/crystalpalace/ticket.png,https://dl.dropboxusercontent.com/u/45762137/Football/england/crystalpalace/programme.jpg
226,2013-08-31 00:00:00,21,1-3,2013-2014,15:00,12601,22.0,7,t,Vale Park,"Hamil Road. Stoke-on-Trent. United Kingdom",91,208,69,2013-09-02 17:59:18.919805,2013-09-02 17:59:18.919805,53.0502892,-2.1895171,t,,,12,3,3,4,2,https://dl.dropboxusercontent.com/u/45762137/Football/england/portvale/2013-08-31%2011.20.32.jpg,https://dl.dropboxusercontent.com/u/45762137/Football/england/portvale/2013-08-31%2013.59.13.jpg,https://dl.dropboxusercontent.com/u/45762137/Football/england/portvale/2013-08-31%2013.59.25.jpg,https://dl.dropboxusercontent.com/u/45762137/Football/england/portvale/2013-08-31%2013.59.46.jpg,https://dl.dropboxusercontent.com/u/45762137/Football/england/portvale/ticket.png,https://dl.dropboxusercontent.com/u/45762137/Football/england/portvale/programme.png
227,2013-09-01 00:00:00,270,1-1,2013-2014,15:00,222,8.0,12,f,Holloways Park,"holloways park. Beaconsfield. hp9 2se. UK",269,209,0,2013-09-02 18:04:24.574091,2013-09-02 18:04:24.574091,51.5874285,-0.6278606,t,,,8,2,2,2,2,https://dl.dropboxusercontent.com/u/45762137/Football/england/sloughtown/2013-09-01%2014.35.36.jpg,https://dl.dropboxusercontent.com/u/45762137/Football/england/sloughtown/2013-09-01%2014.39.04.jpg,https://dl.dropboxusercontent.com/u/45762137/Football/england/sloughtown/2013-09-01%2014.40.38.jpg,https://dl.dropboxusercontent.com/u/45762137/Football/england/sloughtown/2013-09-01%2015.25.50.jpg,"",https://dl.dropboxusercontent.com/u/45762137/Football/england/sloughtown/programme.png
228,2013-09-07 00:00:00,272,6-0,2013-2014,15:00,194,4.0,47,f,Catons Lane,"Catons Lane. Saffron Walden. United Kingdom",271,210,0,2013-09-08 15:46:22.442086,2013-09-08 15:59:54.21963,52.027582,0.2410057,t,,,14,3,4,3,4,https://dl.dropboxusercontent.com/u/45762137/Football/england/saffronwalden/2013-09-07%2014.26.11.jpg,https://dl.dropboxusercontent.com/u/45762137/Football/england/saffronwalden/2013-09-07%2014.39.39.jpg,https://dl.dropboxusercontent.com/u/45762137/Football/england/saffronwalden/2013-09-07%2014.39.44.jpg,https://dl.dropboxusercontent.com/u/45762137/Football/england/saffronwalden/2013-09-07%2014.56.24.jpg,"",https://dl.dropboxusercontent.com/u/45762137/Football/england/saffronwalden/programme.png
230,2013-09-28 00:00:00,274,5-0,2013-2014,15:00,50,2.0,48,f,Royal Oak,"Main Road. Harwich. United Kingdom",273,212,0,2013-09-30 12:46:33.022408,2013-09-30 16:09:13.510905,51.9281832,1.2176475,t,,,12,3,4,1,4,https://dl.dropboxusercontent.com/u/45762137/Football/england/harwichandparkeston/2013-09-28%2014.06.56.jpg,https://dl.dropboxusercontent.com/u/45762137/Football/england/harwichandparkeston/2013-09-28%2014.13.12.jpg,https://dl.dropboxusercontent.com/u/45762137/Football/england/harwichandparkeston/2013-09-28%2014.23.21.jpg,https://dl.dropboxusercontent.com/u/45762137/Football/england/harwichandparkeston/2013-09-28%2014.25.30.jpg,"",https://dl.dropboxusercontent.com/u/45762137/Football/england/harwichandparkeston/programme.png
234,2013-10-13 00:00:00,280,2-0,2013-2014,17:15,3211,15.0,27,t,Richmond Park,"Emmet road. Dublin. Ireland",279,216,70,2013-10-15 13:12:39.409165,2013-10-16 15:41:54.534026,53.3404617,-6.3142986,t,,,13,2,4,4,3,https://dl.dropboxusercontent.com/u/45762137/Football/ireland/st_patricks_athletic/2013-10-13%2011.04.38.jpg,https://dl.dropboxusercontent.com/u/45762137/Football/ireland/st_patricks_athletic/2013-10-13%2016.26.07.jpg,https://dl.dropboxusercontent.com/u/45762137/Football/ireland/st_patricks_athletic/2013-10-13%2016.30.25.jpg,https://dl.dropboxusercontent.com/u/45762137/Football/ireland/st_patricks_athletic/2013-10-13%2016.32.22.jpg,https://dl.dropboxusercontent.com/u/45762137/Football/ireland/st_patricks_athletic/ticket.jpg,https://dl.dropboxusercontent.com/u/45762137/Football/ireland/st_patricks_athletic/programme.jpg
231,2013-10-12 00:00:00,276,2-0,2013-2014,15:00,160,8.0,52,f,Clandeboye Park,"Clandeboye Rd. Bangor. United Kingdom",275,213,0,2013-10-15 13:06:52.725578,2013-10-16 15:44:22.102858,54.6486179,-5.6863805,t,,,10,2,3,2,3,https://dl.dropboxusercontent.com/u/45762137/Football/northern_ireland/bangor/2013-10-12%2015.07.32.jpg,https://dl.dropboxusercontent.com/u/45762137/Football/northern_ireland/bangor/2013-10-12%2015.42.44.jpg,https://dl.dropboxusercontent.com/u/45762137/Football/northern_ireland/bangor/2013-10-12%2015.43.33.jpg,https://dl.dropboxusercontent.com/u/45762137/Football/northern_ireland/bangor/2013-10-12%2015.47.11.jpg,"",""
233,2013-10-13 00:00:00,278,1-0,2013-2014,15:00,650,10.0,27,f,Carlisle Grounds,"Carlisle Grounds. bray. ireland",277,215,0,2013-10-15 13:09:52.061105,2013-10-16 15:42:43.188821,53.2050372,-6.103205,t,,,7,1,1,2,3,https://dl.dropboxusercontent.com/u/45762137/Football/ireland/bray_wanderers/2013-10-13%2012.42.14.jpg,https://dl.dropboxusercontent.com/u/45762137/Football/ireland/bray_wanderers/2013-10-13%2014.28.00.jpg,https://dl.dropboxusercontent.com/u/45762137/Football/ireland/bray_wanderers/2013-10-13%2014.28.06.jpg,https://dl.dropboxusercontent.com/u/45762137/Football/ireland/bray_wanderers/2013-10-13%2014.29.25.jpg,https://dl.dropboxusercontent.com/u/45762137/Football/ireland/bray_wanderers/ticket.jpg,https://dl.dropboxusercontent.com/u/45762137/Football/ireland/bray_wanderers/programme.jpg
232,2013-10-12 00:00:00,147,1-1,2013-2014,19:45,1976,15.0,27,f,Dalymount Park,"Dalymount Park. Dublin. Ireland",137,214,0,2013-10-15 13:08:30.2703,2013-10-16 15:43:35.811724,53.3614475,-6.275042,t,,,15,3,5,4,3,https://dl.dropboxusercontent.com/u/45762137/Football/ireland/bohemians/2013-10-12%2018.56.13.jpg,https://dl.dropboxusercontent.com/u/45762137/Football/ireland/bohemians/2013-10-12%2018.58.36.jpg,https://dl.dropboxusercontent.com/u/45762137/Football/ireland/bohemians/2013-10-12%2018.59.40.jpg,https://dl.dropboxusercontent.com/u/45762137/Football/ireland/bohemians/2013-10-12%2018.59.46.jpg,https://dl.dropboxusercontent.com/u/45762137/Football/ireland/bohemians/ticket.jpg,https://dl.dropboxusercontent.com/u/45762137/Football/ireland/bohemians/programme.jpg
229,2013-09-27 00:00:00,78,1-1,2013-2014,19:45,5489,19.0,8,f,Roots Hall,"Fairfax drive. Southend-on-Sea. United Kingdom",94,211,0,2013-09-30 12:43:50.39691,2013-10-17 18:04:29.427579,51.5507746,0.7032424,t,,,14,2,5,3,4,https://dl.dropboxusercontent.com/u/45762137/Football/england/southendunited/IMG_0389.JPG,https://dl.dropboxusercontent.com/u/45762137/Football/england/southendunited/IMG_0418.JPG,https://dl.dropboxusercontent.com/u/45762137/Football/england/southendunited/IMG_0440.JPG,https://dl.dropboxusercontent.com/u/45762137/Football/england/southendunited/IMG_0441.JPG,https://dl.dropboxusercontent.com/u/45762137/Football/england/southendunited/ticket.png,https://dl.dropboxusercontent.com/u/45762137/Football/england/southendunited/programme.jpg
235,2013-10-25 00:00:00,282,0-0,2013-2014,19:45,1,1.0,16,f,Victoria Park,"Victoria Park. Dingwall. United Kingdom",281,217,0,2013-10-29 11:10:35.496573,2013-10-29 13:20:55.948258,57.5958955,-4.4198993,t,,,11,2,2,3,4,https://dl.dropboxusercontent.com/u/45762137/Football/scotland/ross_county/2013-10-25%2020.13.01.jpg,https://dl.dropboxusercontent.com/u/45762137/Football/scotland/ross_county/2013-10-25%2020.13.08.jpg,https://dl.dropboxusercontent.com/u/45762137/Football/scotland/ross_county/2013-10-25%2020.13.22.jpg,https://dl.dropboxusercontent.com/u/45762137/Football/scotland/ross_county/2013-10-25%2021.37.33.jpg,https://dl.dropboxusercontent.com/u/45762137/Football/scotland/ross_county/ticket1.jpeg,https://dl.dropboxusercontent.com/u/45762137/Football/scotland/ross_county/programme1.jpeg
236,2013-10-26 00:00:00,250,3-1,2013-2014,15:00,765,15.0,45,f,Glebe Park,"Trinity Road. Brechin. United Kingdom",283,218,0,2013-10-29 11:12:51.819008,2013-10-29 13:21:57.237005,56.7359617,-2.6591343,t,,,13,3,3,3,4,https://dl.dropboxusercontent.com/u/45762137/Football/scotland/brechin/2013-10-26%2014.18.17.jpg,https://dl.dropboxusercontent.com/u/45762137/Football/scotland/brechin/2013-10-26%2014.20.36.jpg,https://dl.dropboxusercontent.com/u/45762137/Football/scotland/brechin/2013-10-26%2014.21.26.jpg,https://dl.dropboxusercontent.com/u/45762137/Football/scotland/brechin/2013-10-26%2014.22.40.jpg,"",https://dl.dropboxusercontent.com/u/45762137/Football/scotland/brechin/programme2.jpeg
237,2013-10-27 00:00:00,107,1-2,2013-2014,12:45,7978,1.0,16,f,Firhill Stadium,"Firhill Road. Glasgow. United Kingdom",284,219,0,2013-10-29 11:14:49.376273,2013-10-29 13:22:55.688578,55.8812499,-4.2706514,t,,,12,2,3,3,4,https://dl.dropboxusercontent.com/u/45762137/Football/scotland/partick_thistle/2013-10-27%2011.03.03.jpg,https://dl.dropboxusercontent.com/u/45762137/Football/scotland/partick_thistle/2013-10-27%2012.07.15.jpg,https://dl.dropboxusercontent.com/u/45762137/Football/scotland/partick_thistle/2013-10-27%2012.07.28.jpg,https://dl.dropboxusercontent.com/u/45762137/Football/scotland/partick_thistle/2013-10-27%2012.45.49.jpg,https://dl.dropboxusercontent.com/u/45762137/Football/scotland/partick_thistle/ticket3.jpeg,https://dl.dropboxusercontent.com/u/45762137/Football/scotland/partick_thistle/programme3.jpeg
238,2013-12-14 00:00:00,190,1-2,2013-2014,15:00,887,12.0,13,f,Clarence Road,"Clarence Road. St. Albans. United Kingdom",286,220,0,2013-12-16 07:04:10.625524,2013-12-18 11:26:03.587339,51.755063,-0.3205649,t,,,11,2,3,3,3,https://dl.dropboxusercontent.com/u/45762137/Football/england/stalbanscity/2013-12-14%2015.25.58.jpg,https://dl.dropboxusercontent.com/u/45762137/Football/england/stalbanscity/2013-12-14%2015.56.16.jpg,https://dl.dropboxusercontent.com/u/45762137/Football/england/stalbanscity/2013-12-14%2015.56.22.jpg,https://dl.dropboxusercontent.com/u/45762137/Football/england/stalbanscity/2013-12-14%2015.59.23.jpg,https://dl.dropboxusercontent.com/u/45762137/Football/england/stalbanscity/ticket.jpeg,https://dl.dropboxusercontent.com/u/45762137/Football/england/stalbanscity/programme.jpeg
239,2013-12-28 00:00:00,289,7-0,2013-2014,14:00,30,0.0,47,f,Cadbury Recreation Ground,"Bournville Lane. Birmingham. B30 1LA. United Kingdom",288,221,0,2013-12-30 08:56:18.930667,2013-12-30 08:56:18.930667,52.4261923,-1.9350683,t,,,12,4,3,1,4,https://dl.dropboxusercontent.com/u/45762137/Football/england/cadburyathletic/2013-12-28%2011.45.20.jpg,https://dl.dropboxusercontent.com/u/45762137/Football/england/cadburyathletic/2013-12-28%2011.45.29.jpg,https://dl.dropboxusercontent.com/u/45762137/Football/england/cadburyathletic/2013-12-28%2015.02.42.jpg,https://dl.dropboxusercontent.com/u/45762137/Football/england/cadburyathletic/2013-12-28%2016.18.50.jpg,"",""
241,2013-12-29 00:00:00,68,1-1,2013-2014,15:00,16377,24.0,6,f,The Valley,"Floyd Road. SE7. London. United Kingdom",25,223,0,2013-12-30 09:02:51.370011,2013-12-30 14:28:27.812695,51.4869988,0.0338331,t,,,13,2,4,3,4,"","","","",https://dl.dropboxusercontent.com/u/45762137/Football/england/charltonathletic/sheffieldwednesday/ticket2.jpeg,https://dl.dropboxusercontent.com/u/45762137/Football/england/charltonathletic/sheffieldwednesday/programme2.jpeg
240,2013-12-28 00:00:00,192,1-0,2013-2014,19:30,1848,12.0,9,f,Edgar Street,"Edgar Street. Hereford. United Kingdom",85,222,0,2013-12-30 08:59:05.52022,2013-12-30 14:28:58.748284,52.0617665,-2.718754,t,,,13,2,4,3,4,https://dl.dropboxusercontent.com/u/45762137/Football/england/herefordunited/2013-12-28%2019.32.31.jpg,https://dl.dropboxusercontent.com/u/45762137/Football/england/herefordunited/2013-12-28%2019.32.43.jpg,https://dl.dropboxusercontent.com/u/45762137/Football/england/herefordunited/2013-12-28%2019.33.35.jpg,https://dl.dropboxusercontent.com/u/45762137/Football/england/herefordunited/2013-12-28%2019.33.41.jpg,https://dl.dropboxusercontent.com/u/45762137/Football/england/herefordunited/ticket1.jpeg,https://dl.dropboxusercontent.com/u/45762137/Football/england/herefordunited/programme1.jpeg
